Name,INTERNATIONAL PAPER - TOTAL ASSETS,GOODYEAR TIRE - TOTAL ASSETS,LEGGETT & PLATT INC - TOTAL ASSETS,KROGER CO - TOTAL ASSETS,COCA-COLA - TOTAL ASSETS,DOVER CORP - TOTAL ASSETS,GENERAL DYNAMICS - TOTAL ASSETS,CLOROX CO - TOTAL ASSETS,"THOR INDUSTRIES, INC - TOTAL ASSETS",NORDSON CORPORATION - TOTAL ASSETS,SYSCO CORPORATION - TOTAL ASSETS,JOHNSON & JOHNSON - TOTAL ASSETS,WEYERHAEUSER CO - TOTAL ASSETS,TEXTRON INC - TOTAL ASSETS,ROGERS CORPORATION - TOTAL ASSETS,MYERS INDUSTRIES - TOTAL ASSETS,BRUNSWICK CORP - TOTAL ASSETS,FEDERAL SIGNAL CORP - TOTAL ASSETS,DEERE & COMPANY - TOTAL ASSETS,UNIVERSAL HEALTH SVC - TOTAL ASSETS,SOUTHERN CO - TOTAL ASSETS,CARPENTER TECHNOLOGY - TOTAL ASSETS,TIMKEN CO - TOTAL ASSETS,MUELLER (PAUL) CO. - TOTAL ASSETS,UNIFIRST CORPORATION - TOTAL ASSETS,BALL CORPORATION - TOTAL ASSETS,TRINITY INDUSTRIES - TOTAL ASSETS,CUMMINS INC. - TOTAL ASSETS,A O SMITH CORP - TOTAL ASSETS,WHIRLPOOL CORP - TOTAL ASSETS,MODINE MFG CO. - TOTAL ASSETS,AMERICAN BILTRITE - TOTAL ASSETS,BOEING CO - TOTAL ASSETS,"BELL INDUSTRIES, INC - TOTAL ASSETS",MONRO INC - TOTAL ASSETS,CATERPILLAR INC - TOTAL ASSETS,COPART INC - TOTAL ASSETS,VICON INDUSTRIES - TOTAL ASSETS,GRANITE CONSTRUCTION - TOTAL ASSETS,"GENERAL MILLS, INC. - TOTAL ASSETS",AIR PRODUCTS - TOTAL ASSETS,AMPHENOL CORP - TOTAL ASSETS,ASHLAND - TOTAL ASSETS,TITAN INTERNATIONAL - TOTAL ASSETS,HEXCEL CORP - TOTAL ASSETS,ALLIED HEALTHCARE - TOTAL ASSETS,GENERAL ELECTRIC CO - TOTAL ASSETS,TORO CO - TOTAL ASSETS,WASTE MANAGEMENT - TOTAL ASSETS,MARTIN MARIETTA MAT - TOTAL ASSETS,STANDARD MOTOR - TOTAL ASSETS,"TYSON FOODS, INC. - TOTAL ASSETS",L B FOSTER CO - TOTAL ASSETS,WESCO INTERNATIONAL - TOTAL ASSETS,LOCKHEED MARTIN CORP - TOTAL ASSETS,"SIMCLAR, INC. - TOTAL ASSETS",VERIZON COMMUNICATNS - TOTAL ASSETS,OLIN CORP - TOTAL ASSETS,GENESCO INC. - TOTAL ASSETS,HEALTHCARE SVCS - TOTAL ASSETS,PACCAR INC. - TOTAL ASSETS,MOHAWK INDUSTRIES - TOTAL ASSETS,REUNION INDUSTRIES - TOTAL ASSETS,GROUP 1 AUTOMOTIVE - TOTAL ASSETS,WOLVERINE WORLD WIDE - TOTAL ASSETS,MACY'S INC - TOTAL ASSETS,"NO BORDERS, INC. - TOTAL ASSETS",AMERICAN AXLE - TOTAL ASSETS,CORE MOLDING TECHLGS - TOTAL ASSETS,CELANESE CORPORATION - TOTAL ASSETS,AGCO CORP - TOTAL ASSETS,STEPAN COMPANY - TOTAL ASSETS,PPG INDUSTRIES INC - TOTAL ASSETS,ROCKWELL AUTOMATION - TOTAL ASSETS,GBX INTERNATIONA - TOTAL ASSETS,MGP INGREDIENTS - TOTAL ASSETS,THERMO FISHER - TOTAL ASSETS,BLONDER TONGUE LABS - TOTAL ASSETS,HONEYWELL INTERNATNL - TOTAL ASSETS,EXPRESS INC - TOTAL ASSETS,FRESH DEL MONTE PROD - TOTAL ASSETS,MCAP INC - TOTAL ASSETS,OWENS CORNING - TOTAL ASSETS,ARMSTRONG WORLD - TOTAL ASSETS,ENTERGY CORPORATION - TOTAL ASSETS,UNITED NATURAL FOODS - TOTAL ASSETS,MOSAIC CO - TOTAL ASSETS,SERVICE CORPORATION - TOTAL ASSETS,FIRSTENERGY CORP - TOTAL ASSETS,"EHEALTH, INC. - TOTAL ASSETS",NEXTEER AUTOMOTIVE - TOTAL ASSETS,MARATHON PETRO - TOTAL ASSETS,VISKASE COMPANIES - TOTAL ASSETS,BORN INC - TOTAL ASSETS,"STERICYCLE, INC. - TOTAL ASSETS",ARMSTRONG - TOTAL ASSETS,ARAMARK - TOTAL ASSETS,REPUBLIC SERVICES - TOTAL ASSETS,US SILICA HO - TOTAL ASSETS,TENET HEALTHCARE - TOTAL ASSETS
ISIN codes,US4601461035,US3825501014,US5246601075,US5010441013,US1912161007,US2600031080,US3695501086,US1890541097,US8851601018,US6556631025,US8718291078,US4781601046,US9621661043,US8832031012,US7751331015,US6284641098,US1170431092,US3138551086,US2441991054,US9139031002,US8425871071,US1442851036,US8873891043,US6247521015,US9047081040,US0584981064,US8965221091,US2310211063,US8318652091,US9633201069,US6078281002,US0245914066,US0970231058,US0781112000,US6102361010,US1491231015,US2172041061,US9258112005,US3873281071,US3703341046,US0091581068,US0320951017,US0441861046,US88830M1027,US4282911084,US0192222075,US3696043013,US8910921084,US94106L1098,US5732841060,US8536661056,US9024941034,US3500601097,US95082P1057,US5398301094,US8285991001,US92343V1044,US6806652052,US3715321028,US4219061086,US6937181088,US6081901042,US7613121075,US3989051095,US9780971035,US55616P1049,US65486W1053,US0240611030,US2186831002,US1508701034,US0010841023,US8585861003,US6935061076,US7739031091,US3615181035,US55303J1060,US8835561023,US0936981085,US4385161066,US30219E2028,KYG367381053,US5626942081,US6907421019,US04247X1028,US29364G1031,US9111631035,US61945C1036,US8175651046,US3379321074,US28238P1093,KYG6501M1050,US56585A1025,US92831R2013,US0998631024,US8589121081,US04238R1068,US03852U1060,US7607591002,US90346E1038,US88033G4073
1980,1.031,0.636,0.488,0.194,0.576,0.569,0.514,0.587,NA,0.699,0.230,0.691,1.155,0.648,0.820,0.582,0.770,0.622,0.951,1.157,3.047,0.632,0.768,NA,NA,0.618,0.450,0.671,1.164,0.479,NA,NA,0.629,0.455,NA,0.709,NA,NA,NA,0.483,1.232,NA,0.414,NA,0.653,NA,0.742,0.457,NA,NA,0.754,0.493,NA,NA,NA,NA,2.388,0.837,0.391,NA,0.462,NA,NA,NA,0.509,NA,NA,NA,NA,NA,NA,NA,0.895,0.642,NA,NA,0.708,NA,0.822,NA,NA,NA,0.671,NA,3.132,NA,NA,1.407,3.682,NA,NA,NA,NA,NA,NA,NA,NA,NA,NA,0.976
1981,1.113,0.585,0.466,0.213,0.605,0.548,0.460,0.583,NA,0.671,0.240,0.708,1.270,0.660,0.715,0.608,0.954,0.705,1.044,1.032,2.917,0.669,0.772,NA,NA,0.591,0.512,0.721,0.586,0.465,NA,NA,0.710,0.463,NA,0.796,NA,NA,NA,0.474,1.195,NA,0.442,NA,0.701,NA,0.769,0.631,NA,NA,0.701,0.436,0.438,NA,NA,NA,2.296,0.808,0.573,NA,0.489,NA,NA,NA,0.509,NA,NA,NA,NA,NA,NA,NA,0.881,0.683,NA,NA,0.818,NA,0.834,NA,NA,NA,0.674,NA,3.001,NA,NA,1.260,3.482,NA,NA,NA,NA,NA,NA,NA,NA,NA,NA,0.972
1982,1.386,0.598,0.489,0.229,0.788,0.591,0.429,0.622,NA,0.729,0.254,0.731,1.415,0.694,0.702,0.614,0.737,0.764,1.288,1.053,2.497,0.892,1.000,NA,0.781,0.578,0.534,0.807,0.605,0.555,NA,NA,0.840,0.468,NA,1.113,NA,NA,NA,0.509,1.383,NA,0.475,NA,0.753,NA,0.816,0.737,NA,NA,0.702,0.421,0.559,NA,NA,NA,2.169,0.897,0.536,NA,0.656,NA,NA,NA,0.567,NA,NA,NA,NA,NA,NA,NA,0.992,0.659,NA,NA,0.777,NA,1.017,NA,NA,NA,0.673,NA,3.572,NA,NA,1.623,3.670,NA,NA,NA,NA,NA,NA,NA,NA,NA,NA,1.031
1983,1.289,0.615,0.569,0.230,0.766,0.698,0.397,0.661,NA,0.909,0.265,0.747,1.218,0.706,0.713,0.615,0.672,0.728,1.482,1.622,2.487,1.147,1.182,NA,0.683,0.614,0.773,0.784,0.513,0.550,NA,NA,0.671,0.507,NA,1.285,NA,NA,NA,0.530,1.358,NA,0.523,NA,0.773,NA,0.869,0.628,NA,NA,0.734,0.422,0.675,NA,NA,NA,2.131,0.946,0.511,NA,0.634,NA,NA,NA,0.579,NA,NA,NA,NA,NA,NA,NA,0.982,0.646,NA,NA,0.998,NA,0.763,NA,NA,NA,0.596,NA,3.815,NA,NA,1.487,3.896,NA,NA,NA,NA,NA,NA,NA,NA,NA,NA,1.067
1984,1.229,0.605,0.548,0.232,0.809,0.713,0.387,0.720,NA,0.853,0.259,0.742,1.074,0.686,0.663,0.611,0.635,0.658,1.295,1.401,2.450,1.064,1.112,NA,0.740,0.592,1.116,0.647,0.472,0.499,NA,NA,0.819,0.468,NA,0.946,NA,NA,NA,0.510,1.342,NA,0.489,NA,0.763,NA,0.885,0.586,NA,NA,0.756,0.398,0.594,NA,NA,NA,2.310,0.882,0.541,NA,0.445,NA,NA,NA,0.609,NA,NA,NA,NA,NA,NA,NA,0.895,0.630,NA,NA,0.826,NA,0.763,NA,NA,NA,0.573,NA,3.991,NA,NA,1.560,4.087,NA,NA,NA,NA,NA,NA,NA,NA,NA,NA,1.082
1985,1.341,0.725,0.565,0.244,0.873,0.706,0.545,0.738,NA,0.809,0.259,0.793,1.154,1.074,0.761,0.603,0.651,0.627,1.345,1.723,2.426,1.117,1.261,NA,0.703,0.580,1.036,0.794,0.542,0.507,NA,NA,0.678,0.480,NA,0.895,NA,NA,NA,0.621,1.418,NA,0.498,NA,0.733,NA,0.934,0.498,NA,NA,0.719,0.415,0.575,NA,NA,NA,2.178,0.912,0.529,NA,0.559,NA,NA,NA,0.587,NA,NA,NA,NA,NA,NA,NA,0.940,0.647,NA,NA,0.834,NA,1.456,NA,NA,NA,0.716,NA,4.217,NA,NA,1.708,4.155,NA,NA,NA,NA,NA,NA,NA,NA,NA,NA,1.123
1986,1.427,0.946,0.597,0.238,0.966,0.715,0.512,0.780,NA,0.794,0.246,0.839,1.160,1.106,0.785,0.588,1.092,0.626,1.415,0.903,2.650,1.249,1.327,NA,0.850,0.685,1.067,0.864,0.761,0.549,NA,NA,0.677,0.504,NA,0.859,NA,NA,NA,0.455,1.365,NA,0.544,NA,0.775,NA,0.982,0.432,NA,NA,0.870,0.506,0.894,NA,NA,NA,2.126,0.905,0.564,NA,0.601,NA,NA,NA,0.546,NA,NA,NA,NA,NA,NA,0.588,0.990,0.627,NA,NA,0.932,NA,0.955,NA,NA,NA,0.602,NA,4.119,NA,NA,2.150,4.537,NA,NA,NA,NA,NA,NA,NA,NA,NA,NA,0.917
1987,1.122,0.848,0.592,0.253,1.091,0.725,0.539,0.829,0.333,0.800,0.235,0.817,1.030,0.992,0.744,0.785,0.614,0.666,1.151,1.090,2.736,1.252,1.192,NA,1.040,0.745,1.029,0.730,0.703,0.578,0.678,0.553,0.818,0.505,NA,0.839,NA,NA,NA,0.439,1.267,NA,0.580,NA,0.754,NA,0.976,0.464,NA,NA,0.778,0.452,0.440,NA,NA,NA,2.063,0.873,0.637,0.721,0.536,NA,NA,NA,0.548,NA,NA,NA,NA,NA,NA,0.598,0.962,0.721,NA,NA,1.112,NA,0.920,NA,NA,NA,0.550,NA,4.387,NA,NA,2.231,4.443,NA,NA,NA,NA,NA,NA,NA,NA,NA,NA,1.192
1988,0.993,0.797,0.590,0.242,0.894,0.699,0.641,0.917,0.354,0.665,0.233,0.791,1.538,1.723,0.741,0.597,0.637,0.669,0.978,0.981,2.727,1.143,1.025,NA,0.871,0.817,0.914,0.624,0.795,0.771,0.685,0.593,0.743,0.444,NA,0.945,NA,NA,NA,0.516,1.233,NA,0.549,NA,0.782,NA,2.244,0.440,3.370,NA,0.888,0.459,0.409,NA,NA,NA,2.279,0.841,0.574,1.069,0.867,NA,NA,NA,0.567,NA,NA,NA,NA,NA,NA,0.557,0.918,0.771,NA,0.742,0.979,NA,0.840,NA,NA,NA,0.564,NA,4.471,NA,NA,2.702,3.526,NA,NA,NA,NA,NA,NA,NA,NA,NA,NA,1.095
1989,1.018,0.778,0.573,0.222,0.924,0.663,0.652,0.894,0.361,0.835,0.273,0.812,1.581,1.854,0.724,0.570,0.702,0.655,1.267,0.896,2.681,1.063,1.022,NA,0.810,0.767,0.877,0.578,0.815,0.851,0.682,0.606,0.655,0.433,NA,1.004,NA,NA,NA,0.514,1.274,NA,0.558,NA,0.833,NA,2.382,0.507,2.400,NA,0.947,1.019,0.428,NA,NA,NA,2.290,0.759,0.567,0.785,0.871,NA,NA,NA,0.585,NA,NA,NA,NA,NA,NA,0.622,0.985,0.714,NA,0.686,1.077,NA,0.848,NA,NA,NA,0.641,NA,3.951,NA,NA,3.087,3.584,NA,NA,NA,NA,NA,NA,NA,NA,NA,NA,1.055
1990,1.055,0.795,0.621,0.203,0.906,0.664,0.646,0.767,0.348,0.781,0.262,0.846,1.812,1.881,0.680,0.576,0.765,0.673,1.352,0.853,2.502,1.190,1.067,NA,0.836,0.963,0.668,0.603,0.843,0.848,0.752,0.604,0.529,0.445,NA,1.045,NA,NA,NA,0.510,1.347,NA,0.602,NA,0.922,NA,2.669,0.564,3.651,NA,0.831,0.654,0.477,NA,0.647,NA,2.277,0.720,0.528,0.816,1.041,NA,NA,NA,0.589,NA,NA,NA,NA,NA,NA,0.634,1.014,0.787,NA,0.706,1.269,NA,0.847,NA,NA,NA,0.581,NA,3.725,NA,NA,2.936,3.523,NA,NA,NA,NA,NA,NA,NA,NA,NA,NA,0.967
1991,1.176,0.780,0.606,0.193,0.883,0.618,0.709,0.973,0.524,0.765,0.265,0.845,1.945,2.007,0.673,0.578,0.889,0.731,1.649,0.730,2.467,1.275,1.068,NA,0.816,0.687,0.736,0.599,0.858,0.952,0.826,0.615,0.538,0.474,NA,1.183,NA,NA,0.487,0.545,1.442,1.421,0.589,NA,0.937,NA,2.834,0.584,3.071,NA,0.734,0.675,0.475,NA,0.663,NA,2.271,0.884,0.502,0.697,1.268,NA,NA,NA,0.663,NA,NA,NA,NA,NA,NA,0.656,1.068,0.795,NA,0.740,1.489,NA,0.878,NA,NA,NA,0.757,NA,3.550,NA,NA,3.301,3.312,NA,NA,NA,NA,NA,NA,NA,NA,NA,NA,1.067
1992,1.210,0.727,0.579,0.194,0.845,0.628,1.216,0.940,0.454,0.814,0.259,0.864,1.970,2.200,0.567,0.620,0.926,0.702,1.641,0.646,2.482,1.254,1.059,NA,0.791,0.718,0.818,0.595,0.735,0.838,0.728,0.615,0.594,0.462,NA,1.367,NA,NA,0.595,0.553,1.396,1.675,0.593,NA,0.801,NA,3.427,0.663,2.106,NA,0.700,0.628,0.512,NA,0.651,NA,2.222,0.854,0.588,0.610,1.090,0.788,NA,NA,0.696,0.992,NA,NA,NA,NA,1.020,0.682,0.974,0.861,NA,0.689,1.916,NA,0.893,NA,NA,NA,0.592,NA,3.459,NA,NA,3.380,3.357,NA,NA,NA,NA,NA,NA,NA,NA,NA,NA,1.064
1993,1.215,0.725,0.591,0.200,0.851,0.714,0.827,1.009,0.298,0.776,0.252,0.866,1.324,2.165,0.664,0.622,0.899,0.718,1.376,0.605,3.052,1.214,1.016,NA,0.761,0.736,0.707,0.541,0.689,0.786,0.710,0.690,0.801,0.471,NA,1.161,NA,NA,0.560,0.572,1.431,1.145,0.581,1.737,0.793,NA,4.177,0.613,2.121,1.097,0.726,0.691,0.505,NA,0.751,NA,2.274,0.797,0.539,0.590,0.926,0.765,NA,NA,0.618,1.026,NA,NA,NA,NA,0.971,0.685,0.982,0.877,NA,0.775,1.979,NA,0.916,NA,NA,NA,0.878,NA,4.791,NA,NA,4.096,3.763,NA,NA,NA,NA,NA,NA,NA,NA,NA,NA,1.109
1994,1.182,0.742,0.603,0.205,0.845,0.671,0.874,0.924,0.290,0.752,0.257,0.996,1.251,2.161,0.668,0.628,0.786,0.770,1.340,0.663,3.084,1.161,0.939,NA,0.787,0.678,0.732,0.550,0.617,0.800,0.762,0.780,0.979,0.412,0.823,1.047,2.745,NA,0.503,0.610,1.445,0.977,0.615,0.984,0.776,0.872,3.260,0.557,1.834,1.184,0.722,0.718,0.517,NA,0.788,NA,1.760,0.764,0.527,0.540,0.873,0.595,NA,NA,0.608,1.489,NA,NA,NA,NA,1.342,0.732,0.931,0.860,NA,0.904,1.905,NA,0.883,NA,NA,NA,0.885,NA,3.792,NA,NA,4.620,3.798,NA,NA,NA,NA,NA,NA,NA,NA,NA,NA,1.246
1995,1.202,0.744,0.592,0.211,0.831,0.712,1.032,0.961,0.264,0.748,0.255,0.949,1.118,2.323,0.731,0.644,0.776,0.760,1.283,0.785,3.177,1.098,0.849,0.686,0.768,0.622,0.613,0.557,0.617,0.916,0.646,0.743,1.129,0.410,0.853,0.977,2.326,0.603,0.508,0.668,1.505,0.881,0.621,0.822,0.658,1.130,3.277,0.499,1.987,1.188,0.772,0.806,0.462,NA,0.772,0.424,1.799,0.721,0.455,0.530,0.904,0.548,NA,NA,0.685,0.950,NA,NA,NA,NA,1.018,0.686,0.878,0.962,NA,0.981,1.697,0.612,0.869,NA,NA,NA,0.833,NA,3.549,NA,NA,4.639,3.578,NA,NA,NA,NA,NA,NA,NA,NA,NA,NA,2.386
1996,1.397,0.738,0.695,0.231,0.850,0.734,0.921,0.982,0.292,0.819,0.248,0.926,1.222,1.966,0.843,0.645,0.887,0.785,1.247,0.803,2.799,1.054,0.863,0.625,0.772,0.779,0.583,0.612,1.133,0.904,0.678,0.770,1.183,0.377,1.025,1.067,1.337,0.650,0.509,0.608,1.627,0.916,0.554,0.880,1.009,1.138,3.455,0.532,2.155,1.065,0.866,0.704,0.508,NA,1.089,0.548,1.900,0.887,0.471,0.524,1.151,0.532,NA,NA,0.708,0.937,NA,0.378,0.660,NA,0.913,0.710,0.892,0.970,NA,0.888,1.753,0.740,0.906,NA,NA,NA,0.897,NA,3.206,NA,NA,3.866,3.630,NA,NA,NA,NA,NA,2.248,NA,NA,1.144,NA,1.499
1997,1.331,0.754,0.724,0.237,0.885,0.721,1.007,1.097,0.281,0.771,0.238,0.933,1.164,1.765,0.835,0.660,0.886,0.787,1.233,0.752,2.738,1.302,0.879,0.643,0.810,0.875,0.607,0.647,0.860,0.934,0.696,0.711,0.830,0.483,1.036,1.042,1.389,0.606,0.537,0.696,1.562,0.834,0.548,0.848,0.856,1.056,3.412,0.628,2.534,1.227,1.031,0.694,0.576,0.336,1.010,0.746,1.787,0.807,0.459,0.462,0.826,0.505,NA,0.236,0.676,0.877,NA,0.449,0.714,NA,0.813,0.644,0.931,1.027,NA,0.736,1.629,0.681,0.939,NA,0.613,NA,1.067,NA,2.824,0.263,NA,4.176,6.408,NA,NA,NA,NA,NA,1.326,NA,NA,1.195,NA,1.347
1998,1.349,0.839,0.752,0.238,1.008,0.912,0.920,1.105,0.299,0.795,0.247,1.104,1.191,1.417,0.813,0.782,0.850,0.834,1.274,0.773,3.083,1.444,0.907,0.611,0.839,0.986,0.636,0.704,0.836,0.743,0.730,0.788,0.646,1.273,1.031,1.152,1.672,0.699,0.511,0.640,1.523,0.879,0.931,1.026,1.280,0.831,3.548,0.649,1.788,1.502,0.797,0.707,0.544,0.320,1.094,0.536,1.747,1.106,0.540,0.444,0.858,0.504,0.769,0.293,0.779,0.850,NA,0.570,0.686,NA,0.935,0.662,0.984,1.062,NA,0.726,1.637,0.984,1.023,NA,0.646,NA,0.897,NA,1.988,0.291,NA,4.614,3.006,NA,NA,NA,1.298,NA,1.466,NA,NA,2.054,NA,1.298
1999,1.232,1.017,0.788,0.396,1.079,0.929,0.868,1.032,0.305,0.832,0.235,1.059,1.495,1.416,0.740,1.034,0.783,0.905,1.445,0.733,3.229,1.551,0.978,0.601,0.956,0.762,0.576,0.691,1.024,0.626,0.824,0.814,0.623,0.315,1.049,1.303,1.543,0.676,0.511,0.663,1.641,0.828,0.945,1.084,1.064,1.020,3.647,0.610,1.728,1.384,0.835,0.690,0.674,0.301,1.176,0.558,1.887,0.808,0.518,0.419,0.878,0.546,0.871,0.336,0.803,0.999,NA,0.551,0.619,NA,0.942,0.622,1.149,0.952,NA,0.728,2.094,1.163,0.985,NA,0.698,8.432,1.178,NA,2.620,0.278,NA,4.396,2.837,NA,NA,NA,1.280,NA,4.485,NA,NA,1.789,NA,1.266
2000,1.483,0.941,0.789,0.371,1.006,0.906,0.771,1.066,0.315,0.813,0.249,1.074,1.139,1.251,0.892,0.957,0.891,0.896,1.502,0.777,3.021,1.593,0.970,0.545,0.946,0.723,0.634,0.649,0.849,0.644,0.817,0.863,0.818,0.294,0.874,1.366,1.380,0.712,0.527,0.683,1.513,0.739,0.851,1.089,1.120,NA,3.400,0.576,1.486,1.381,0.900,0.678,0.665,0.301,1.198,0.537,2.597,0.725,0.513,0.420,1.040,0.551,0.656,0.307,0.705,0.924,NA,0.615,0.615,NA,0.863,0.594,1.057,0.894,NA,0.672,2.132,0.895,1.000,NA,0.657,306.344,1.182,NA,2.455,0.297,NA,5.029,2.528,NA,NA,NA,1.611,NA,1.847,NA,NA,1.693,NA,1.153
2001,1.409,0.907,0.830,0.381,1.095,1.032,0.910,1.024,0.373,1.174,0.251,1.158,1.258,1.303,1.036,0.958,0.937,0.947,1.966,0.744,2.846,1.277,1.024,0.581,0.884,0.628,0.959,0.689,1.124,0.639,0.845,0.896,0.831,0.308,0.869,1.453,1.247,0.773,0.601,0.719,1.414,0.930,0.900,1.244,0.782,1.012,3.926,0.610,1.721,1.477,0.817,0.989,0.563,0.317,1.153,0.582,2.542,0.959,0.466,0.420,1.295,0.513,0.848,0.264,0.755,0.961,NA,0.689,0.726,1.570,0.817,0.612,1.035,0.952,NA,0.761,1.748,1.200,1.018,NA,0.621,24.263,1.229,NA,2.595,0.295,NA,4.613,4.615,NA,NA,NA,1.236,NA,1.712,NA,NA,1.708,NA,1.078
2002,1.353,0.934,0.820,0.388,1.234,1.061,0.848,0.894,0.400,1.168,0.257,1.111,1.524,1.455,1.174,0.991,0.918,1.105,1.597,0.713,2.929,1.514,1.011,0.599,0.855,1.071,1.306,0.717,0.834,0.562,0.840,0.819,0.926,0.345,0.842,1.588,1.693,0.852,0.557,2.081,1.571,1.016,0.892,1.149,0.832,0.873,4.400,0.602,1.762,1.509,0.789,0.444,0.502,0.305,0.948,0.664,2.499,1.095,0.485,0.403,1.200,0.795,0.781,0.338,0.643,0.936,NA,0.668,0.567,1.625,0.778,0.587,0.975,1.029,NA,0.775,1.748,1.024,1.213,NA,0.593,4.178,1.142,1.146,3.143,0.301,NA,4.719,2.731,NA,NA,NA,1.191,NA,1.661,NA,NA,1.780,NA,0.922
2003,1.411,0.966,0.886,0.375,1.278,1.163,0.974,0.881,0.388,1.132,0.265,1.137,1.414,1.531,1.292,0.940,0.873,0.983,1.596,0.761,3.037,1.607,0.935,0.564,0.862,0.818,1.401,0.709,0.836,0.583,0.834,0.761,1.026,0.329,0.803,1.575,1.690,0.806,0.575,1.735,1.480,0.953,0.932,1.064,0.806,0.812,4.847,0.619,1.785,1.361,0.995,0.427,0.481,0.353,0.815,0.709,2.450,0.911,0.492,0.409,1.205,0.832,0.752,0.329,0.651,0.953,NA,0.649,0.499,1.349,0.770,0.591,0.962,0.971,NA,0.900,1.616,1.235,1.255,NA,0.589,2.657,1.211,1.123,3.015,0.312,NA,4.784,2.646,NA,NA,NA,NA,NA,1.561,NA,NA,1.809,NA,0.931
2004,1.339,0.895,0.825,0.363,1.412,1.055,0.915,0.887,0.349,1.058,0.268,1.115,1.322,1.550,1.110,0.978,0.831,0.988,1.415,0.768,3.033,1.432,0.856,NA,0.974,0.823,1.006,0.692,0.794,0.594,0.816,0.819,1.026,0.314,0.940,1.402,1.679,0.726,0.598,1.666,1.344,0.835,0.904,0.694,0.723,0.798,4.959,0.562,1.670,1.339,0.767,0.396,0.437,0.363,0.707,0.608,2.328,0.777,0.571,0.365,1.065,0.749,0.824,0.358,0.645,0.952,NA,0.703,0.533,1.454,0.787,0.527,0.939,0.952,NA,0.691,1.621,0.937,1.189,NA,0.697,1.753,1.170,1.049,2.723,0.305,NA,4.410,2.495,0.427,NA,NA,1.031,NA,1.616,NA,NA,1.649,NA,1.016
2005,1.194,0.787,0.765,0.338,1.265,1.081,0.922,0.824,0.335,0.938,0.273,1.141,1.247,1.643,1.125,0.841,0.780,0.968,1.508,0.726,2.873,1.258,0.772,NA,0.980,0.748,0.891,0.644,0.763,0.543,0.746,0.802,1.092,0.339,0.845,1.274,1.736,0.610,0.557,1.607,1.274,1.069,0.716,0.938,0.665,0.817,4.549,0.515,1.617,1.214,0.754,0.404,0.501,0.373,0.731,0.616,2.238,0.726,0.534,0.391,0.971,1.207,1.031,0.307,0.591,1.481,NA,0.786,0.521,1.204,0.693,0.476,0.851,0.891,NA,0.689,1.615,0.854,1.147,NA,0.640,1.490,1.155,1.023,2.980,0.316,1.921,4.393,2.638,1.902,NA,NA,0.971,NA,1.719,NA,NA,1.589,NA,1.021
2006,1.093,0.833,0.775,0.321,1.237,1.171,0.930,0.779,0.330,0.911,0.276,1.263,1.227,1.527,1.047,0.849,0.786,0.866,1.548,0.782,2.923,1.204,0.777,NA,1.011,0.877,1.064,0.619,0.851,0.739,0.646,0.762,0.825,0.358,0.816,1.179,1.683,0.639,0.550,1.564,1.259,0.888,0.885,0.861,0.764,0.854,4.340,0.501,1.542,1.136,0.758,0.435,0.602,0.531,0.675,0.550,2.142,0.482,0.499,0.411,0.971,1.034,0.747,0.347,0.584,1.096,NA,0.803,0.509,1.183,0.738,0.458,0.908,0.851,NA,0.634,5.608,0.711,0.952,NA,0.633,0.531,1.226,1.159,2.843,0.288,1.644,5.568,2.712,1.627,NA,NA,0.968,NA,1.682,NA,NA,1.443,NA,0.981
2007,1.104,0.871,0.946,0.317,1.497,1.117,0.945,0.753,0.371,1.219,0.272,1.245,1.460,1.509,1.069,0.759,0.770,0.928,1.549,0.760,2.923,1.042,0.817,NA,0.969,0.805,1.055,0.607,0.802,0.722,0.627,0.765,0.886,0.517,0.815,1.214,1.779,0.622,0.652,1.462,1.257,0.939,0.710,0.705,0.830,0.900,4.686,0.504,1.516,1.216,0.825,0.380,0.647,0.476,0.673,0.486,2.000,1.312,0.534,0.410,1.122,1.144,NA,0.392,0.529,1.056,NA,0.873,0.452,1.249,0.688,0.423,1.127,0.903,NA,0.610,2.176,0.725,0.959,NA,0.630,1.351,1.484,1.190,2.929,0.291,1.587,3.909,2.505,1.628,NA,NA,NA,NA,1.724,NA,NA,1.407,1.762,0.948
2008,1.084,0.779,0.776,0.305,1.266,1.039,0.968,0.888,0.377,1.037,0.269,1.240,2.033,1.405,1.197,0.656,0.685,0.838,1.312,0.745,2.766,0.876,0.745,NA,0.959,0.839,1.266,0.560,0.796,0.716,0.622,0.786,0.815,0.268,0.836,1.256,1.215,0.684,0.652,1.395,1.200,0.925,0.670,0.625,0.847,0.916,4.409,0.493,1.511,1.430,0.706,0.404,0.644,0.443,0.674,NA,2.079,0.961,0.523,0.402,1.068,0.944,NA,0.409,0.526,0.890,NA,1.056,0.587,1.046,0.585,0.371,0.927,0.785,29.925,0.575,2.009,0.711,0.912,0.499,0.738,0.781,1.227,0.923,2.797,0.322,1.204,3.730,2.460,1.499,NA,NA,0.775,NA,1.623,NA,NA,5.406,2.017,0.944
2009,1.093,0.881,0.998,0.301,1.567,1.365,0.967,0.834,0.618,1.065,0.277,1.440,2.705,1.804,1.368,0.727,0.976,0.967,1.659,0.762,3.241,1.101,1.196,NA,0.995,0.879,1.808,0.776,0.944,0.883,0.605,0.902,0.864,0.224,0.788,1.769,1.413,0.764,0.871,1.217,1.569,1.142,1.146,1.002,1.048,0.632,5.015,0.570,1.794,1.903,0.619,0.396,0.868,0.532,0.693,NA,2.108,1.262,0.540,0.372,1.776,1.196,NA,0.435,0.611,0.907,NA,1.288,0.871,1.560,0.753,0.494,1.163,0.924,7.580,0.526,2.139,0.802,1.102,0.438,0.726,12.013,1.486,1.167,3.585,0.306,1.205,4.330,2.645,1.251,NA,0.467,0.924,NA,1.853,NA,NA,2.385,2.421,0.882
2010,1.008,0.827,0.891,0.286,2.069,1.201,0.991,0.819,0.420,0.947,0.277,1.587,2.009,1.452,1.234,0.586,0.787,1.054,1.569,1.352,3.079,1.307,1.001,NA,1.065,0.903,2.631,0.771,1.358,0.777,0.722,0.611,1.004,0.202,0.787,1.445,1.577,0.876,0.871,1.195,1.487,1.130,1.020,0.893,1.018,0.709,5.039,0.523,1.716,1.725,0.581,0.379,0.797,0.551,0.690,NA,2.065,1.292,0.526,0.349,1.370,1.146,NA,0.400,0.600,0.825,NA,0.909,0.763,1.324,0.780,0.565,1.116,0.911,3.521,0.600,1.979,0.810,1.097,0.450,0.697,NA,1.327,1.040,3.428,0.333,1.835,4.196,2.524,1.139,5.757,0.372,1.066,NA,1.833,NA,NA,2.400,2.076,0.855
2011,1.037,0.768,0.799,0.260,1.705,1.195,1.058,0.796,0.435,1.058,0.290,1.647,1.988,1.208,1.189,0.567,0.665,0.888,1.417,1.022,3.280,1.189,0.814,NA,1.007,0.847,1.991,0.637,1.373,0.712,0.633,0.577,1.078,NA,0.710,1.318,1.232,0.703,0.770,1.255,1.405,1.128,1.992,0.679,0.965,0.672,5.043,0.461,1.687,1.837,0.610,0.343,0.643,0.500,0.721,NA,2.079,1.249,0.528,0.317,1.039,1.100,NA,0.407,0.574,0.837,NA,0.893,0.643,1.197,0.823,0.488,0.966,0.825,5.722,0.577,2.288,0.899,1.032,0.410,0.682,NA,1.310,1.031,3.682,0.309,1.588,4.024,2.911,1.151,0.428,0.327,1.001,NA,1.896,0.781,0.804,2.386,2.049,0.913
2012,1.155,0.800,0.861,0.255,1.786,1.289,1.049,0.796,0.403,1.298,0.285,1.738,1.728,1.065,1.381,0.613,0.652,0.763,1.465,1.178,3.735,1.295,0.839,NA,0.987,0.854,1.750,0.714,1.167,0.748,0.567,0.617,1.005,NA,0.743,1.326,1.226,0.631,0.830,1.266,1.755,1.215,1.526,0.925,1.006,0.702,4.733,0.477,1.692,1.551,0.596,0.357,0.690,0.703,0.717,NA,1.944,1.267,0.502,0.297,1.086,1.068,NA,0.419,1.593,0.758,NA,0.853,0.556,1.308,0.771,0.546,1.045,0.844,NA,0.488,2.194,0.858,1.061,0.467,0.724,NA,1.346,1.076,4.190,0.285,1.498,4.017,3.294,1.244,0.574,0.332,1.009,2.098,1.854,0.794,0.777,2.417,1.554,0.954
2013,1.084,0.889,0.817,0.298,1.915,1.242,1.135,0.767,0.410,1.324,0.285,1.806,1.695,1.069,1.417,0.569,0.653,0.719,1.513,1.141,3.777,1.269,1.029,NA,1.013,0.923,1.675,0.848,1.110,0.734,0.595,0.573,1.036,NA,0.972,1.515,1.247,0.761,0.713,1.275,1.748,1.337,1.547,0.840,1.088,0.718,4.591,0.491,1.616,1.512,0.615,0.354,0.692,0.614,0.735,NA,2.274,1.111,0.547,0.358,1.210,1.134,NA,0.435,0.973,0.775,NA,0.838,0.672,1.341,0.780,0.621,1.017,0.897,NA,0.468,2.434,0.812,1.154,0.525,0.689,NA,1.362,1.061,3.805,0.285,2.375,5.040,3.380,0.903,0.746,0.302,0.977,NA,1.812,0.791,0.736,2.370,1.581,1.445
2014,1.215,0.901,0.821,0.282,1.998,1.173,1.146,0.762,0.400,1.334,0.283,1.718,1.817,1.052,1.294,0.906,0.741,0.690,1.624,1.113,3.841,1.407,0.976,0.546,1.020,0.876,1.416,0.821,1.068,0.911,0.632,0.594,1.020,NA,0.914,1.509,1.264,1.112,0.712,1.292,1.698,1.315,1.789,0.781,1.097,0.661,4.369,0.537,1.530,2.524,0.672,0.639,0.815,0.600,0.725,NA,1.831,1.198,0.554,0.342,1.085,1.043,NA,0.423,0.906,0.764,NA,0.782,0.672,1.259,0.758,0.603,1.112,0.909,NA,0.512,2.537,0.729,1.118,0.585,0.670,NA,1.348,1.026,3.720,0.338,1.975,3.976,3.466,0.594,0.743,0.334,1.055,NA,1.722,0.676,0.705,2.286,1.412,1.085
2015,1.368,0.870,0.749,0.309,2.036,1.239,1.017,0.736,0.375,1.394,0.370,1.825,1.762,1.096,1.440,0.713,0.709,0.842,1.912,1.065,4.478,1.305,0.947,0.623,1.052,1.215,1.390,0.792,1.043,0.821,0.554,0.589,0.979,NA,1.004,1.635,1.545,0.761,0.685,1.246,1.755,1.339,1.868,0.910,1.175,0.651,4.251,0.533,1.575,1.967,0.690,0.557,0.907,0.608,0.968,NA,1.859,3.232,0.510,0.326,1.104,1.193,NA,0.415,0.907,0.760,NA,0.725,0.702,1.474,0.857,0.698,1.070,0.961,NA,0.593,2.410,0.775,1.271,0.492,0.629,NA,1.287,1.104,3.873,0.312,1.880,3.916,3.473,0.597,0.728,0.669,1.063,NA,2.370,0.707,0.714,2.258,1.724,1.229
2016,1.582,0.930,0.789,0.317,2.083,1.489,1.048,0.784,0.496,1.333,0.328,1.879,2.977,1.114,1.587,0.684,0.663,0.897,2.065,1.056,5.514,1.536,1.013,0.552,1.159,1.736,1.989,0.857,1.076,0.820,0.590,0.581,0.948,NA,1.032,1.866,1.282,0.506,0.689,1.311,1.875,1.352,1.924,0.994,1.198,0.605,3.036,0.556,1.533,1.912,0.716,0.608,0.813,0.610,0.872,NA,1.938,1.557,0.505,0.332,1.212,1.111,NA,0.410,0.974,0.770,NA,0.783,0.771,1.521,0.954,0.767,1.059,1.100,NA,0.708,2.512,0.666,1.369,0.537,0.645,NA,1.298,1.412,4.222,0.337,2.234,3.971,2.963,0.581,0.698,0.793,1.131,NA,1.959,0.754,0.734,2.198,3.705,1.215
2017,1.559,0.979,0.895,0.303,2.481,1.361,1.132,0.766,0.340,1.647,0.318,1.965,2.472,1.080,1.363,0.650,0.708,1.097,2.131,1.034,4.820,1.597,1.112,0.777,1.143,1.534,2.605,0.885,1.067,0.848,0.892,0.591,0.985,NA,1.137,1.656,1.368,0.580,0.626,1.396,2.234,1.427,2.635,0.876,1.409,0.566,3.086,0.571,1.507,2.268,0.677,0.731,0.739,0.614,0.850,NA,2.040,1.465,0.444,0.358,1.205,1.233,NA,0.438,1.019,0.780,NA,1.252,0.851,1.494,0.946,0.764,1.101,1.064,NA,0.692,2.709,0.652,1.459,0.552,0.663,NA,1.330,2.075,4.201,0.311,2.480,4.156,3.015,0.513,0.768,0.729,1.140,NA,1.952,0.773,0.754,2.106,1.859,1.196
2018,1.441,0.971,0.787,0.315,2.530,1.196,1.255,0.826,0.324,1.513,0.306,1.781,2.305,1.021,1.446,0.606,0.812,0.928,1.855,1.045,4.976,1.392,1.225,0.611,1.086,1.402,3.184,0.802,0.963,0.778,0.702,0.591,1.158,NA,1.070,1.408,1.278,0.448,0.745,1.946,2.134,1.225,2.197,0.779,1.290,0.498,2.440,0.585,1.519,2.250,0.733,0.727,0.611,0.561,0.775,NA,2.024,1.292,0.530,0.335,1.085,1.271,NA,0.431,0.974,0.746,NA,1.027,0.742,1.290,0.804,0.745,1.027,0.912,NA,0.739,2.309,0.719,1.373,0.511,0.709,NA,1.378,1.906,4.380,0.290,2.063,3.979,3.558,1.746,0.793,0.961,1.192,NA,1.852,0.965,0.869,2.153,1.839,1.207
2019,1.496,1.062,1.011,0.370,2.253,1.215,1.241,0.823,0.710,1.597,0.298,1.827,2.492,1.102,1.398,0.674,0.839,0.946,1.821,1.024,5.542,1.338,1.263,0.600,1.131,1.492,2.896,0.837,1.022,0.815,0.651,0.596,1.567,NA,1.092,1.432,1.247,NA,0.712,1.785,2.111,1.315,2.899,0.768,1.328,0.476,2.690,0.741,1.795,2.138,0.769,0.780,0.575,0.599,0.739,NA,2.212,1.498,0.756,0.381,1.108,1.299,NA,0.462,1.089,0.836,NA,1.008,0.624,1.490,0.848,0.850,1.155,0.859,NA,0.889,2.286,0.925,1.596,0.860,0.724,NA,1.391,1.428,4.749,0.334,2.109,4.233,3.833,1.465,0.903,0.794,1.254,NA,1.945,0.793,0.846,2.202,1.732,1.255
2020,1.541,1.221,1.108,0.367,2.570,1.369,1.353,0.924,0.697,1.728,0.424,2.014,2.150,1.325,1.539,0.784,0.836,1.061,2.071,1.164,6.034,1.477,1.413,0.563,1.219,1.530,4.352,1.118,1.092,0.932,0.725,0.740,2.592,NA,1.626,1.840,1.567,NA,0.656,1.748,2.829,1.434,2.945,0.817,1.942,0.597,3.032,0.843,1.928,2.237,0.808,0.798,0.667,0.961,0.722,NA,2.467,1.434,0.889,0.426,1.509,1.453,NA,0.468,1.192,0.978,NA,1.233,0.740,1.883,0.921,0.937,1.386,1.082,NA,0.927,2.143,0.680,1.956,1.207,0.768,NA,1.340,1.834,5.751,0.282,2.144,4.134,4.121,1.785,1.086,1.218,1.159,NA,2.086,0.836,1.225,2.308,2.656,1.518
2021,1.304,1.133,1.045,0.356,2.386,1.316,1.302,0.863,0.537,1.600,0.411,1.832,1.729,1.278,1.679,0.636,0.903,1.119,1.891,1.032,5.518,2.010,1.235,0.609,1.304,1.418,5.433,0.969,0.982,0.835,0.692,0.623,2.223,NA,1.604,1.588,1.694,NA,0.821,1.757,2.592,1.350,3.118,0.655,2.128,0.472,2.534,0.740,1.623,2.658,0.895,0.772,0.595,0.691,0.725,NA,2.744,0.945,0.644,0.454,1.246,1.230,NA,0.426,1.070,0.695,NA,1.069,0.604,1.374,0.809,0.880,1.259,1.475,NA,1.662,2.426,0.756,1.860,0.673,0.787,NA,1.175,1.545,5.058,0.277,1.703,3.786,4.081,2.135,0.954,0.709,1.073,NA,2.068,0.789,1.189,2.209,2.011,1.412
2022,1.131,1.009,1.006,0.335,2.116,1.281,1.309,0.866,0.454,1.471,0.316,1.877,1.702,1.266,1.643,0.603,0.898,1.056,1.710,1.002,4.607,1.594,1.268,0.709,1.213,1.292,4.412,1.057,0.888,0.814,0.683,NA,2.057,NA,1.373,1.342,1.516,NA,0.650,1.637,2.131,1.214,2.590,0.574,1.798,0.727,2.300,0.786,1.592,2.434,0.890,0.691,0.734,0.690,0.745,NA,2.775,0.851,0.599,0.408,1.155,1.170,NA,0.414,0.919,0.667,NA,0.922,0.526,2.632,0.781,0.877,1.170,1.337,NA,1.480,2.163,0.828,1.744,0.750,0.768,NA,1.100,1.368,4.251,0.264,1.183,3.665,3.701,2.745,0.862,0.504,1.043,NA,1.972,NA,0.924,2.150,1.452,1.415
,,,,,,,,,,,,,,,,,,,,,,,,,,,,,,,,,,,,,,,,,,,,,,,,,,,,,,,,,,,,,,,,,,,,,,,,,,,,,,,,,,,,,,,,,,,,,,,,,,,,
,,,,,,,,,,,,,,,,,,,,,,,,,,,,,,,,,,,,,,,,,,,,,,,,,,,,,,,,,,,,,,,,,,,,,,,,,,,,,,,,,,,,,,,,,,,,,,,,,,,,
,,,,,,,,,,,,,,,,,,,,,,,,,,,,,,,,,,,,,,,,,,,,,,,,,,,,,,,,,,,,,,,,,,,,,,,,,,,,,,,,,,,,,,,,,,,,,,,,,,,,
,,,,,,,,,,,,,,,,,,,,,,,,,,,,,,,,,,,,,,,,,,,,,,,,,,,,,,,,,,,,,,,,,,,,,,,,,,,,,,,,,,,,,,,,,,,,,,,,,,,,